{"cameraMode":{"drawMode":0,"name":"Shaded","section":"Shading Mode"},"sceneLighting":true,"audioPlay":false,"sceneViewState":{"m_AlwaysRefresh":false,"showFog":true,"showSkybox":true,"showFlares":true,"showImageEffects":true,"showParticleSystems":true,"showVisualEffectGraphs":true,"m_FxEnabled":true},"in2DMode":false,"pivot":{"x":0.6803717613220215,"y":0.8151576519012451,"z":0.15773296356201173},"rotation":{"x":0.016496285796165468,"y":-0.019496453925967218,"z":0.00032471565646119416,"w":0.9996832609176636},"size":4.284294605255127,"orthographic":true}