{"cameraMode":{"drawMode":0,"name":"Shaded","section":"Shading Mode"},"sceneLighting":true,"audioPlay":false,"sceneViewState":{"m_AlwaysRefresh":false,"showFog":true,"showSkybox":true,"showFlares":true,"showImageEffects":true,"showParticleSystems":true,"showVisualEffectGraphs":true,"m_FxEnabled":true},"in2DMode":false,"pivot":{"x":0.6803717613220215,"y":0.8151576519012451,"z":0.15773296356201173},"rotation":{"x":0.010479050688445568,"y":-0.06295514851808548,"z":0.0006610136479139328,"w":0.9979655742645264},"size":6.590095520019531,"orthographic":true}